firstName,lastName,postcode,houseNumber,street,city
Delmer,Joselson,44430,57434,Northridge,Hrvatska Kostajnica
Inez,Reynold,,52914,Esker,Bajawa
Rogerio,Sollis,,7,Talmadge,Puerto Ayacucho
Rodi,Brown,162700,43969,Emmet,Nelazskoye
Arie,Fricker,561 61,79,Namekagon,Červená Voda
Muhammad,Dummigan,,5,Arapahoe,Baoxu
Germaine,Goose,86200-000,76983,Sunnyside,Ibiporã
Devinne,Duncan,891 41,6,Steensland,Örnsköldsvik
Winthrop,Purkiss,,9229,Alpine,Maumbawa
Egon,Macartney,,23645,Larry,Serednye
Marie-ann,Cooke,,7,Northport,Xingfeng
Sandra,Fludder,78050,650,Esker,Chak
Verine,Daulton,,35,Trailsway,Ḩalwān
Clovis,Pruce,5247,3391,Morning,Porirua
Kattie,Veneur,550 01,485,Del Mar,Broumov
Gracie,Littrell,,917,Hauk,Kapiri Mposhi
Clint,Boatright,961-0406,6,Golden Leaf,Yawata
Ninnetta,Brennon,4631,204,Stone Corner,Santa Ana
Koressa,O'Carrol,,7880,Esker,Xiaochuan
Lea,Conant,,3916,Kennedy,Binafun
Karee,Raye,345 34,14522,Banding,Klenčí pod Čerchovem
Diarmid,Coulton,,23378,Kropf,Nova Odesa
Raddy,Braxton,96-201,1,Clyde Gallagher,Rawa Mazowiecka
Hynda,Pargetter,501007,44,Southridge,Barranca de Upía
Farrel,Wainscot,,096,Bobwhite,Petong
Fredrika,McCaig,6315,7,South,Ubay
Ashley,Stainson,,37929,Forest Run,Huangpu
Phillipp,Skivington,40000,2,Birchwood,Mačkovec
Tori,Haly,135 22,27,Maryland,Tyresö
Bridget,Hubbart,86730-000,0959,Bunker Hill,Astorga
Kelsey,Shewon,,8,Lerdahl,Suç
Sigismund,Leatherborrow,2780-005,808,Cordelia,Oeiras
Paige,Aldwich,,6,Bunting,Pengfang
Barb,Terrans,,130,Dahle,Kafr ad Dawwār
Danna,Iddison,,4,Melrose,Cijengkol
Filip,Jouandet,45450-000,86704,Melody,Gandu
Niko,Stigers,,6,Doe Crossing,Progreso
Sarine,Barz,,49061,Darwin,Yahe
Letta,Davidovits,66110,12945,Monica,Taphan Hin
Rock,Loftus,,61,Arizona,Kozel’shchyna
Paco,Mitford,13220-000,52511,Emmet,Várzea Paulista
Vale,Johananov,142461,040,Cardinal,Vishnyakovskiye Dachi
Dmitri,Bendtsen,,124,Mayer,Mbumi
Ainsley,Rylett,,7,Butterfield,Oytal
Brigida,Cheesley,4605-491,9373,Dwight,Vale
Dore,Crenshaw,1637,2600,Lunder,Carcar
Frieda,Gorst,,957,Fairfield,Berber
August,Lauxmann,96-201,43,Kenwood,Rawa Mazowiecka
Titus,Goodrum,,78483,Forster,Babura
Randolph,D'Antuoni,,36618,Memorial,Jiangnan
Shanta,Wicher,,081,Carey,Daja Lorong
Wake,Burkman,,2157,Eastlawn,Aranđelovac
Virgil,Rogerot,,3,Graedel,Loandjili
Rafa,Itzakson,42-240,6,Messerschmidt,Borowno
Sari,Paulack,,579,Prairieview,Kloulklubed
Melly,Woodruffe,28-530,6,Springs,Skalbmierz
Regan,Klawi,,814,Manley,Houmen
Dell,Bulleyn,,57901,Utah,Khrystynivka
Layney,Kilmurry,,2131,Green,Mollepampa
Lana,Giacopetti,,62420,Harper,Songhe
Aviva,Schreiner,,0,Fuller,Taihe
Hugo,Sainz,44369,95916,Hanson,Dortmund
Evaleen,Maymond,,2,Bluestem,Haoba
Nev,Tonks,23110,514,American Ash,Khlong Yai
Brett,Bamb,,8,Chive,Rawawilis
Weider,O'Gorman,602 09,864,Manufacturers,Norrköping
Arlyn,Wakes,39605 CEDEX,5253,Vermont,Arbois
Jody,Schubart,,952,Tennyson,Pagersari
Dwight,Elce,66205,026,Superior,Shawnee Mission
Amity,Pyford,,94,Elgar,Fuling
Kylen,Deering,,55,Buell,Gaoqiao
Rosella,Hullock,,69364,Schlimgen,Morondava
Herbert,Towse,,153,Fallview,Zhuping
Mollee,Mattia,281002,120,Del Mar,Sadar Bazar
Edan,Woodruffe,,60102,Calypso,Shimen
Nicholle,Larmet,,8,Prairieview,Yuanmen
Vale,Winsiowiecki,48005 CEDEX,0468,Aberg,Mende
Milty,Cantera,,1914,Lotheville,Qizili
Hendrick,Heersma,1105,69878,Dorton,Panan
Ange,Phorsby,23050,0755,Vidon,Malakand
Cathryn,Budibent,3318,16046,Crest Line,San Mateo
Ange,Malthus,,99,Elmside,Kengyuan
Willette,Saylor,21051 CEDEX,879,Clyde Gallagher,Dijon
Linzy,Dockrell,97453 CEDEX,80,Sherman,Saint-Pierre
Sibel,Le Grys,,643,Merchant,Butha-Buthe
Rodney,Dimbleby,8644,60595,Knutson,Sankt Lorenzen im Mürztal
Alan,Gibby,973 46,63365,Hermina,Luleå
Celle,Carlucci,6513,1174,Grayhawk,Santa Fe
Lainey,Rubens,631008,3253,Nova,Circasia
Leah,Viggers,37217,1304,Armistice,Witzenhausen
Chelsae,McGerraghty,,3963,Nevada,Ülken
Billy,Brislawn,,3151,La Follette,Sheli
Carmel,Jancic,,06,Montana,Sonsorol Village
Lana,Cabrer,27-530,82,Merrick,Ożarów
Lyndsey,Bartzen,,70,Maywood,Lucaya
Roberta,Clunan,,080,Oriole,Wuqu
Yoko,Apfel,,628,Michigan,Keda
Gaultiero,Brock,124 64,5,Pepper Wood,Bandhagen
Maressa,Valdes,3805,042,Kinsman,Tanudan
Fidel,Lesley,357408,1343,Springs,Zheleznovodsk
Jaime,Scothorn,7412,3,Atwood,Siasi
Ardeen,Wooler,20101,45,Hovde,Alajuela
Natala,Huchot,16-050,10,Merchant,Michałowo
Kylila,Goldsack,624088,9,Clove,Kedrovoye
Olav,Newvell,,7,Becker,Songping
Luella,Wanjek,956-0861,96553,Stone Corner,Kitakami
Farlay,Tax,,87501,Pawling,Dragash
Jewelle,Dryden,,08,Melody,Huangjinjing
Pembroke,Summerbell,,8,Thackeray,Matang
Aksel,Warhurst,,4146,Heffernan,Jizhou
Amabelle,Jakucewicz,,6029,Donald,Tambura
Thomasina,Scoyles,,6,Hallows,Marathókampos
Vaughan,Olenchenko,707018,1,Bunting,San Onofre
Niven,Fishpoole,1045,25139,Colorado,Кондово
Rudolph,Gatherell,,662,Bluestem,Huatan
Cyrille,Rotge,307442,0427,Graedel,Korenëvo
Noni,Boothman,,75369,Twin Pines,Kajok
Alfons,Osichev,,6093,Nelson,Pohonsirih
Ashton,Ebbetts,,7,Pierstorff,Litein
Tuck,Tempest,,8,Old Shore,Yanglang
Jacklin,Clogg,,67837,Blaine,Néa Vrasná
Hermie,Shrigley,42-262,5,Meadow Vale,Huta Stara B
Morry,Gentsch,1225,4,Arizona,Нераште
Arly,Harrisson,185 31,5,Hayes,Vaxholm
Drake,Lydiatt,,55,Dahle,Hyesan-dong
Curran,Butter,,2,Green Ridge,Liuzhi
Mabelle,Kettle,,7245,Kingsford,Dongshan
Perceval,Phillcox,,332,Old Shore,Shangtianba
Windham,Enefer,,6466,American Ash,Citatah Kaler
Corette,Stittle,,52,Loeprich,Baiyang
Karie,Busch,,05880,Grover,Ujung
Tammy,Yeoland,591 94,13,Welch,Motala
Stinky,Davidde,2721,66,Ridge Oak,Calabugao
Tori,Trusdale,,5,Waywood,Konde
Nichols,Walling,,723,Cody,El Fasher
Tan,Zealander,,36467,Lakewood,Camatindi
Aindrea,Ayton,5120-384,556,Waubesa,Tabuaço
Lorette,Phelips,186660,5406,Brickson Park,Loukhi
Wallis,Mapledoram,,36550,Rockefeller,Jiamaogong
Max,Tayspell,20158,4,Sunfield,Milano
Bertrand,Heijnen,,78175,Hagan,Guangfu
Denver,Quinn,2436,02,Northview,Standerton
Trescha,Dredge,,1353,Butternut,Shanlian
Rutherford,Aizlewood,12022,996,Badeau,Pajapita
Esta,Noades,,84,Pennsylvania,Zhuanqukou
Garrik,Brushfield,8400-603,78,Grayhawk,Parchal
Jakob,Cowcha,5505,4179,Continental,Haugesund
Cherye,Borges,,866,Manufacturers,Toamasina
Joelle,Seivertsen,542 42,86676,6th,Pilníkov
Darcey,Joncic,R8N,37,Kropf,Thompson
Lou,Bearns,88980,6459,Union,Del Valle
Jolee,Sellan,32272,9991,Schmedeman,Cerna
Fons,Ziemke,37924,23,Melvin,Knoxville
Zonda,Bart,,757,Lyons,Black River
Tamera,Esler,,1333,Swallow,Dniprodzerzhyns’k
Taffy,Kerrey,,6159,Stuart,Yaozhuang
Kirsti,Brittin,,2,Division,Damasak
Vick,De Cruce,92773,1872,Luster,Emiliano Zapata
Reggy,Dictus,,51835,Cody,Nanshi
Myrtice,Eckford,,4,Pennsylvania,Huyuan
Mayne,Fursey,,6,Mariners Cove,Kapunduk
Katrinka,Vero,27200-000,2167,Glacier Hill,Volta Redonda
Jemie,Pereira,,6233,Stoughton,Chencai
Hartwell,Postans,07404 CEDEX,7536,Beilfuss,Le Teil
Park,Turk,45870-000,54,Beilfuss,Mascote
Karrah,Money,92000,1,Lillian,Pakham
Glory,Ygoe,931 57,051,Badeau,Skellefteå
Ardella,Weavers,97701 CEDEX 9,6,Shasta,Saint-Denis
Giacomo,Slobom,,30,Spenser,Zengtian
Evaleen,Spires,,9,Golf Course,Biny Selo
Aeriell,Hollow,,97,Evergreen,Longxi
Yetta,Kiledal,551 01,5005,Manley,Jaroměř
Michelina,Girardeau,330 27,3336,Cascade,Vejprnice
Teresa,O'Donnelly,78950-000,128,Carey,Ouro Preto do Oeste
Grange,Zanicchi,57124,2045,Holy Cross,Livorno
Livia,Gobbet,,86890,6th,Caibarién
Daron,Shwalbe,643 92,1,Kinsman,Vingåker
Ruddie,Hillatt,67043,0597,Esch,Veisiejai
Arlin,Foch,7430-015,76401,Dexter,Aldeia da Mata
Florida,Callum,Y34,987,Cardinal,Stradbally
Melantha,Costello,,9110,Arrowood,Chantal
Hinze,Dreher,,4214,Schlimgen,Mangochi
Willy,Lembcke,,27,Ramsey,Qincheng
Lou,Guillem,,1923,Hanson,Zhaxi
Kiele,Hands,00185,94,Fairview,Roma
Viki,Dodworth,,43,Granby,Takum
Filip,Penwarden,,2,Bartillon,Ikar
Ninette,Gentiry,1470,4085,Carpenter,Acli
Ransell,Cavnor,,859,Portage,Tangchijie
Helenelizabeth,Finlay,252 45,76744,6th,Helsingborg
Margareta,Creser,,2519,Crownhardt,Chengjiao
Torry,Castel,45075 CEDEX 2,760,Starling,Orléans
Aleda,Carillo,14-310,0860,Aberg,Miłakowo
Zola,Tanswill,32-865,6,Hoard,Okocim
Ali,Landall,,7,Elgar,Calango
Georg,Nanson,,56,Warrior,Jingtan
Shea,Hillock,49150,72,Dexter,Wan Yai
Ryley,Elston,8336,64,Beilfuss,General Enrique Godoy
Hewett,Jeannel,,13172,Forest Run,Ābdānān
Homer,Ridewood,G5B,8,Sullivan,Port-Cartier
Erv,Courtier,,2,Coleman,Bahe
Michelina,Pellissier,8370,0530,Spenser,San Martín de los Andes
Berti,Handes,66-130,1359,Anzinger,Klenica
Lynn,Garmon,436 54,01,3rd,Hovås
Heriberto,Axworthy,88598-000,1865,Welch,Celso Ramos
Hodge,Clogg,,559,Sunnyside,Ping’an
Kissee,Le Marchant,03-840,51,Fuller,Murcki
Rosetta,Groomebridge,,633,Artisan,Thị Trấn Mường Tè
Hallie,Quig,230559,177,Pierstorff,Cereté
Bren,Rothschild,37281,181,Anzinger,Jarānwāla
Philomena,Maccari,,8,Delladonna,Jianping
Dion,Moubray,,057,Paget,Camargo
Red,Martyn,,183,Reinke,Gaofeng
Kimbra,Mulderrig,,320,Northview,Matai
James,Austin,,8,Little Fleur,Nanniu
Marshal,Pilsworth,404622,71,Heffernan,Leninsk
Babbie,Ottley,,51544,Maple Wood,Choushui
Maurizia,Jardine,,92,Corben,Uman’
Nariko,Hucks,,0656,Sutteridge,Muara
Phillip,Janisson,,4,Ryan,Mtwara
Dyane,Hartington,,0,Valley Edge,Caibarién
Atalanta,Smeaton,,980,Norway Maple,Xihu
Lalo,Doerrling,,0445,Dexter,Karolino-Buhaz
Clemmie,Rossi,,663,Nobel,Şabbūrah
Blake,Dudmesh,,9727,Annamark,Omoku
Terese,Challes,,63827,Canary,Lojigawaran
Olivie,Cushworth,,488,Brown,Fucheng
Beatrisa,Menchenton,63-140,55,Esker,Dolsk
Corrie,Hirschmann,18600-000,922,Bonner,Botucatu
Hoyt,Holstein,,4,Stoughton,Dongxing
Adoree,Luebbert,3900,49,Oakridge,Basco
Brigit,Cecil,40800,3904,6th,Lindavista
Manda,Corrie,,08,Green Ridge,Panineungan
Chantal,Lourens,903 33,3,Blue Bill Park,Umeå
Rochette,Grimsey,87024,14790,Summer Ridge,Azteca
Grange,Robecon,,6499,Red Cloud,Bendan
Gill,Pentland,2419,138,Surrey,Sonquil
Mickie,Fehner,,8379,Prairie Rose,Huangliu
Shurlock,Ortet,,7611,Elgar,Cova Figueira
Daffy,Belle,76121,4685,Schlimgen,Fort Worth
Benedetto,Arrighini,,3,Valley Edge,Taiyu
Sherry,Matcham,,908,Hazelcrest,Shaba Zhen
Mira,Orwell,LE15,40765,Farragut,Normanton
Jemmie,Husk,89714,27879,Waxwing,Carson City
Alfie,Czajkowski,,491,Beilfuss,Partesh
Heinrik,Ber,,8,Debra,Kisarawe
Budd,Bosworth,319-3117,5377,Oneill,Ōmiya
Quill,Dearlove,,818,Vahlen,Shihuiyao
Orren,Arnaud,203067,6,Bultman,Curumaní
Lizzie,Girdwood,,41,Ridgeway,Praia
Vidovic,Halle,7920-015,0240,Amoth,Alvito
Merilyn,Critten,,312,Pond,Giồng Riềng
Renaud,Curdell,,259,Dryden,Birendranagar
Arnuad,Espinazo,2624,16796,Eagan,Delft
Cathrin,Povlsen,,072,Clarendon,Hưng Yên
Stanislaw,Brehat,63504 CEDEX,785,Homewood,Issoire
Happy,Mattiacci,11205,62,Acker,Santo Domingo
Davidde,Shortcliffe,,494,Westridge,Bangshipu
Midge,MacGowing,,451,Ramsey,Xinji
Annmaria,Beves,,6578,Valley Edge,Staryy Dobrotvir
Melisenda,Vassar,,6727,Stoughton,Ojos de Agua
Minne,Newberry,,8617,Autumn Leaf,Yangiqo‘rg‘on
Grove,Windrus,517 03,848,Stephen,Skuhrov nad Bělou
Marylynne,Aberchirder,,09953,Forest,Sogcho
Martica,Somerscales,,8,Oakridge,Sanhe
Barty,Barras,,8838,Cascade,Huayuan
Dacie,Gabbatiss,,40982,Trailsway,Liudong
Gav,Le Bosse,,1006,Quincy,Jianli
Pasquale,Thornally,4274,1349,Tony,Koroška Bela
Jonathon,Larcier,78067 CEDEX,2,International,Saint-Quentin-en-Yvelines
Cecil,Leete,85550-000,3809,Coolidge,Coronel Vivida
Ivor,Kersey,,87609,Farmco,Shangshaleng
Andy,Johnes,681008,361,International,Komsomolsk-on-Amur
Roddie,Schade,601293,743,Towne,Suzdal’
Kendall,Rushford,,46828,Fairview,Rijau
Dion,Gooding,,3985,Fairview,Hutag
Delmor,Lent,,93,Springview,Riangbaring
Nappie,Bedenham,,4464,Amoth,Jiaowei
Leland,Maurice,,5796,Dahle,Colonia Nicolich
Rey,Conradie,,1,Sachs,Bīleh Savār
Ruddie,Tibald,7400,5,Menomonie,Jolo
Ernaline,Joncic,,7,Sutherland,Taiping
Sada,Cossentine,,0,Sunnyside,Sierra Imataca
Neda,Rothwell,,94782,Chinook,El Espino
Julie,Gorbell,12955-000,69,Manitowish,Bom Jesus dos Perdões
Tiphany,Sawart,164509,82,Buena Vista,Severodvinsk
Danya,Parlott,,71,Lyons,Esmeraldas
Sissie,Spedroni,425359,55,Basil,Koz’modem’yansk
Cortney,Dello,,19,Welch,Gunungjulang
Darlene,Skey,,7987,7th,Nanshi
Kennith,Theis,,63440,Jackson,Yeghegnut
Aida,Rozet,,3246,Bashford,Jumpangdua
Garland,Rake,,932,Steensland,Castrovirreyna
Marcie,Verbrugghen,,75693,Reinke,Yangping
Eydie,Thackston,,83260,Hanover,Guanzhuang
Camille,Hatfull,684 91,098,Grim,Munkfors
Stevena,Bosward,,4824,Burrows,Heshi
Michaelina,Lawfull,,10,Morning,Núi Sập
Ivett,De Mattia,4900,8898,Shelley,Boac
Caspar,Spalding,27040,109,Crescent Oaks,Tierra y Libertad
Franklin,Carneck,,2491,Artisan,Kinkala
Tiebold,Driscoll,,553,Evergreen,Conchamarca
Sal,Fontanet,2012,79,Debs,Candating
Ermentrude,Joddens,63043 CEDEX 2,39,Cody,Clermont-Ferrand
Gilberto,Pitkin,06-513,53,Shelley,Wieczfnia Kościelna
Cybil,Jardein,,4659,Elka,Wirodayan
Francene,Linford,,267,Red Cloud,Xinjiezi
Balduin,Estevez,43-476,581,Northview,Jaworzynka
Brod,Casewell,,2292,Rockefeller,Petaẖ Tiqwa
Natalya,Abernethy,,393,Declaration,Zhongdong
Susy,Dunthorn,25950-000,4856,Sauthoff,Teresópolis
Ambros,Farfull,7524,36437,Meadow Valley,Enschede
Jedidiah,Kohlerman,,55391,Mandrake,Qingliu
Gert,Gregoriou,,75,East,Tonggoh
Gran,Mansbridge,99470-000,441,Coolidge,Não Me Toque
Kinsley,Schott,,57512,South,Shpola
Daphene,Bris,3404,76848,8th,Pinoma
Maia,Gianneschi,,60477,Magdeline,Malya
Ceciley,Battell,141662,5693,Raven,Troparëvo
Bard,Rainsdon,765 02,4,Lillian,Otrokovice
Rosy,Belch,140317,57691,Trailsway,Gorno-Altaysk
Aaren,Edinburgh,,4648,Dwight,Neiafu
Lorrin,Tinsey,,7389,Luster,Brčko
Mabel,Gravener,,67,Luster,Kangmei
Mollie,Rea,,15322,Bay,Cacaopera
Garrot,Widdows,,02,Carpenter,Güira de Melena
Sonnnie,Vlasyuk,,890,Debs,Xiahong
Tonya,Boshard,309975,6762,Utah,Urazovo
Peyton,Popelay,,54,Lerdahl,Obock
Dena,Mattussevich,,7152,Oakridge,Magburaka
Nickey,McGuffog,,5,Dorton,Jingnao
Stephi,Hinkensen,16015 CEDEX,93,Arizona,Angoulême
Ginger,O'Mannion,56500-000,0,Bellgrove,Arcoverde
Carley,Forre,,85375,Orin,Tlogoagung
Sloane,Weond,701 43,20,Waubesa,Örebro
Estelle,Fradgley,2411,07639,Holy Cross,Dasol
Willie,Baugh,,40457,Rigney,Fianarantsoa
Rock,Wingatt,,60,Bowman,Bayan Uula Sumu
Case,Friday,,18534,7th,Nanxing
Bryant,Sperling,16522,00721,Burrows,Erie
Ashien,Seddon,502009,424,High Crossing,Puerto López
Matti,Reddlesden,53140,00,Delaware,Pathum Thani
Kingsley,Konmann,,2,Sunnyside,Huaibei
Stern,Pady,,048,Carpenter,Marcara
Tobe,Durtnell,57820-000,0403,Ridgeway,Murici
Colleen,Hollidge,630553,37202,Doe Crossing,Novolugovoye
Aurie,Bour,,771,Meadow Ridge,Erling
Brook,Merigeau,,59,Continental,Abovyan
Kim,Sexcey,,66579,Victoria,Nueva Gerona
Neron,Jojic,186120,89384,Nevada,Pryazha
Elle,McIlvoray,8324,2,Forest,Cipolletti
Hersch,Topper,43290,08,Merrick,Grubišno Polje
Riobard,Smallwood,,0304,Menomonie,Thị Trấn Ngọc Lặc
Tiphani,Lindores,197730,61,Eliot,Sestroretsk
Bord,Howles,,567,Surrey,Xinbao
Nessa,Slaughter,66160,35041,Dixon,Kansas City
Shoshanna,Schurcke,607189,8951,Eggendart,Sarov
Michal,Brewett,,226,Jay,Sedandang
Midge,Summerskill,,8976,Crownhardt,Tlogoagung
Dominick,Feldbau,45957 CEDEX 9,488,Heath,Orléans
Trevar,Shuttle,,982,Saint Paul,Kisangani
Inge,Savoury,J2K,65678,Thierer,Cowansville
Rey,Massie,BD7,629,Waywood,Bradford
Rozelle,Serot,85800-000,657,Lawn,Cascavel
Steward,Whitbread,,6966,Oriole,Fomento
Hoebart,Sachno,39271,066,Valley Edge,El Limon
Aeriel,O'Doghesty,332 09,26113,Bluestem,Štěnovice
Alyda,Whelan,60637 CEDEX,013,Straubel,Chantilly
Roxanne,Greenroad,14000-000,25,Talmadge,Ribeirão Preto
Nicolette,Fuzzey,27600-000,59,Parkside,Valença
Kristel,Yegorkov,24016 CEDEX,88,Dixon,Périgueux
Kasper,Beahan,3930,5495,Fairview,Porsgrunn
Kissie,Moorwood,4750-445,67,Troy,Portela
Georgi,Scutts,,58712,Johnson,Jianshan
Florencia,Tilford,4600-758,54,Vermont,Ribeiro
Leonelle,Riddick,,7,Towne,Consolación del Sur
Maude,O'Corren,,09,Knutson,Farshūţ
Zollie,Diess,,59487,Memorial,Macheke
Jefferson,Burgess,75485 CEDEX 10,66204,Paget,Paris 10
Alice,Colliard,,910,La Follette,Ancol
Fran,Robus,8328,9,Jackson,Allen
Deni,Loveman,,1,Hoard,Cimuncang
Javier,Fries,33514,377,Brown,Čačinci
Guglielma,Etridge,,1522,Gulseth,Dessalines
Thurston,Crutchley,01905,833,Mifflin,Lynn
Moina,Juschke,34260,080,Gerald,Chanuman
Ashby,Corrie,,475,Service,Tầm Vu
Ches,Franzke,40703,728,Colorado,La Asunción
Alfy,Elwin,,07305,Westport,Yunluo
Karalee,Dewing,,132,Maryland,Sanchahe
Auberta,Santorini,14074 CEDEX 5,96346,Schmedeman,Caen
Rae,Fenwick,,878,Basil,Chengfeng
Siffre,Poag,3450,90286,Pleasure,Goya
Edgard,Cotterrill,,2,Larry,Tarutung
Bridget,Yeabsley,,7992,Becker,Hubynykha
Colman,Kitto,,71466,Arrowood,Lantian
Allie,Ogdahl,,87783,Shelley,Seget
Christoforo,Careswell,,7832,Bonner,Pichilemu
Neale,Vennard,,931,Coolidge,Huangshapu
Jewelle,Birtley,,5436,Sunbrook,Alindao
Virgil,Cicco,W34,4,Carberry,Thomastown
Daniele,Marnes,,1032,Pierstorff,Aramecina
Marlena,McCarroll,,3,Oak,Sanguansi
Herminia,Minci,981 31,079,Farragut,Kiruna
Anneliese,Eastope,,75717,Mayfield,Anhua Daying
Kendra,Geyton,617210,59,Havey,Karagay
Paddy,Confort,6423,26,Moulton,Patong
Patricio,St Ange,,12514,Shelley,Gendiwu
Englebert,Bleakman,,572,Northfield,Hongshanzui
Tailor,Rutland,,9,Dapin,Iñapari
Nona,Fryd,,19525,Meadow Vale,Easington
Gilberte,Morlon,166004,93,Arkansas,Nar'yan-Mar
Sonny,Frow,4228,2248,Reindahl,Železniki
Victoria,Cromly,,08749,Stang,Shuanghe
Scarface,Roglieri,,22934,Merry,Semenivka
Eudora,Patek,988-0273,1048,Granby,Mishima
Gilemette,Artin,162160,61200,Debs,Gvardeysk
Hermione,Lergan,769-0105,8,Hayes,Kashihara
Elissa,Minister,,939,Hanson,Hexi
Winona,Tapper,62-045,896,Rieder,Pniewy
Fonzie,Jeannequin,,8966,Lake View,Parlilitan
Valera,Blastock,,1771,Carpenter,Thị Trấn Na Hang
Brandtr,Martini,69060,58421,Glacier Hill,Pithoro
Aluin,Wholesworth,,5,Pearson,Wakiso
Dolly,Andreu,352275,172,Kedzie,Peredovaya
Max,Stannislawski,3070-106,0185,Springview,Corujeira
Ceciley,Docwra,,65806,Di Loreto,Bongor
Kasey,Dietzler,49905 CEDEX 9,0730,Red Cloud,Angers
Emelda,Bescoby,442443,37,Mariners Cove,Verkhozim
Clayborne,Bakeup,,52,Holy Cross,Arvayheer
Susi,Aylett,,7,North,El Crucero
Dane,Jurczak,,103,Everett,Barakī Barak
Joby,Scatchard,7540-104,65,Fulton,Santiago do Cacém
Dimitry,Moat,,88291,Victoria,Chervonopartyzans’k
Avictor,Firpo,,614,Tennyson,Lingdangge
Darin,Hollerin,111711,33,Rutledge,Candelaria
Aggy,Behnen,,561,Bluejay,Masape
Franchot,Hills,,0,Mandrake,Longquan
Stanislaus,Soane,,8,Vernon,Jiazi
Jeanna,Ishchenko,,75,Gateway,Pacar
Nero,MacKean,,59312,Upham,Sebina
Samantha,Sobey,9850,2318,Hollow Ridge,Vrede
Erl,Pittel,S4A,0224,Browning,Estevan
Teddie,Freund,0905,37638,7th,Navatat
Emmy,St Quenin,96-214,021,Granby,Cielądz
Darryl,Blois,71404 CEDEX,8890,Eagan,Autun
Townie,Sprake,634069,65840,Golf,Tomsk
Glenn,Withams,606363,61043,Forest Run,Sovetskiy
Cherida,Haddington,147 42,135,Killdeer,Tumba
Margie,Gunstone,9303,38036,American,Comandante Luis Piedra Buena
Elsey,Rushbrook,,99480,Crest Line,Luci
Kata,Mussard,,11,Reindahl,Hamonggolele
Carlin,Tarborn,,7,Lillian,Kamyanyuki
Henri,O'Hara,,50,Dahle,Jiaotan
Laughton,Smithyman,30351,55516,Katie,Atlanta
Weider,Caze,,1164,Vidon,Toukh
Izak,Brookhouse,,9112,Pearson,Dasha
Martguerita,Umbers,,4,Glacier Hill,Hong’an
Smith,Kinkead,37705 CEDEX,7833,Dayton,Saint-Pierre-des-Corps
Tomasina,Schechter,949-0544,9976,Judy,Itoigawa
Marjorie,Hamblington,66013 CEDEX 9,46594,Anzinger,Perpignan
Aurelea,Temprell,88-306,870,Hansons,Dąbrowa
Roddy,Crighten,,1,Morrow,Jiangtou
Adorne,Leimster,,5,Florence,Huxiaoqiao
Travus,Canete,2985-105,04,Glacier Hill,Santo Isidro
Parrnell,Juzek,BD7,59257,Mallory,Bradford
Worth,Elderkin,94598 CEDEX 2,3806,Waywood,Rungis
Mady,Guthrum,,6547,Weeping Birch,Basiong
Wake,Mulleary,91124 CEDEX,6,Northview,Palaiseau
Kylie,Dugget,36240-000,87494,Algoma,Santos Dumont
Bertrand,Roseman,,13,Portage,Quanling
Stephani,Torrie,,5250,Kropf,San Antonio del Monte
Tadeo,Ramalho,,95784,Lakewood Gardens,Qulsary
Coleen,Mirando,44150,6,Del Sol,Äänekoski
Michel,Byatt,92393 CEDEX,1003,Prairieview,Villeneuve-la-Garenne
Melessa,Presnall,662360,936,Coleman,Pesochnoye
Celine,Holdall,,43,Farragut,Haicheng
Vinni,Tomasino,,41944,Petterle,Titab
Keriann,Readmire,32590,3939,Bayside,Pensacola
Carla,Pott,,2510,Tennyson,Hong Kong
Tedra,D'Antuoni,,719,Mockingbird,Jingmen
Hakim,Heugel,L-9640,2,East,Boulaide
Leesa,Anelay,,12936,7th,Gaojiabu
Fayth,Littleproud,,769,Anzinger,Haixing
Daveta,Seel,,14,Southridge,Selat
Aldridge,Emney,,6440,Arapahoe,Klau
Arden,Freeland,50943,40609,Westerfield,Kuala Lumpur
Micheal,Carolan,724 73,3,Sachs,Västerås
Hyacinthe,Landis,606135,2,Melby,Taremskoye
Nicolina,Thexton,21110,00108,Burning Wood,Baffa
Barty,Joan,,75,Towne,Hepu
Zahara,Nickoles,43-424,218,Clove,Drogomyśl
Laurice,Copner,664 57,13356,Graceland,Měnín
Rosemaria,Inett,,3,Sachs,Zhongzi
Isis,Evequot,70065,59910,Meadow Ridge,Kybartai
Melvyn,Fairbourne,195047,9,Arapahoe,Florencia
Court,Barnardo,,462,Dapin,Xiasha
Arlana,McGrorty,,32306,Red Cloud,Baru Timur
Riordan,Haws,,83475,Huxley,Gongji
Colleen,June,L-3755,56,Miller,Rumelange
Oliy,Rannie,,5,Bluestem,Shouchang
Sandro,Aspray,,026,Duke,Ayapa
Holden,Adiscot,,81341,Pawling,Duanjia
Micaela,Duetsche,4402,036,Garrison,Canaman
Harrie,Gosdin,20007,58163,Oakridge,Esquipulas
Pamella,Cubin,,1,Eagan,Ziguinchor
Ethelred,Hoopper,,970,Green,Fengniancun
Atlanta,Barlow,,44691,Shasta,Shanglu
Trumann,Tesh,,0,Fieldstone,Thanh Khê
Sigfrid,Randalson,59-620,441,Vera,Gryfów Śląski
Kahaleel,Davydychev,34435 CEDEX,2360,Elgar,Saint-Jean-de-Védas
Phyllys,Feldbaum,692380,5324,Prairie Rose,Monastyrishche
Clarine,Wittke,,2,Starling,Zābolī
Amandi,Noden,,446,Merry,Kuwumkumambal
Cristiano,Wildey,,946,Corry,Chuncheng
Jilly,Alcorn,93584 CEDEX,55,Quincy,Saint-Ouen
Gwennie,Scrimgeour,,8,Sauthoff,Lianghe
Ramon,Clubley,4207,39583,Ronald Regan,Laoag
Maxy,MacTrustrie,182156,61032,Westridge,Nelidovo
Barthel,Fryd,,8,Fordem,Pryazovs’ke
Fredric,McKellen,3401,838,Bluejay,Laguna Paiva
Melody,Rakestraw,460960,947,Golf Course,Tsementnozavodskiy
Gayle,Swains,,95410,Alpine,Rasony
Eberhard,Gibbard,,899,Kennedy,Lanchkhuti
Norbie,Ashurst,,983,Warbler,Makale
Louis,Bodega,MLH,6504,Center,Mellieħa
Shelbi,Sowerbutts,21-060,470,Judy,Fajsławice
Branden,Really,5046,85,Miller,Granada
Sybil,Binstead,969-6142,10510,Rowland,Murakami
Crosby,Astlatt,572 60,082,Dexter,Oskarshamn
Margie,Fowle,,2,Pearson,Ketapang
Dar,Mousby,,00,Thompson,Sahnaiya
Jemmy,Chasteau,,79,Westridge,Huangqi
Erhard,Bengtsson,,0718,Oak,Funga
Elton,Olech,,1585,Schmedeman,Tangba
Pacorro,Fenich,,74259,Mariners Cove,Baiyashi
Josie,Siccombe,,2378,Summerview,Xijia
Carmella,Mandrake,,39240,Orin,Wumahe
Alverta,Melling,81720,272,Fordem,Lieksa
Gipsy,Sorsbie,62000-000,2799,Westport,Sobral
Hughie,Scanlon,,802,Vidon,Manutapen
Dermot,Cleyne,2005,8466,Lakewood,Sexmoan
Albrecht,Mathevet,3318,01,Porter,San Mateo
Salome,Hartop,,6972,Cody,Beizi
Cesaro,Petrussi,665442,76444,Namekagon,Malaya Dubna
Libby,Kirgan,11803 CEDEX 9,62,Caliangt,Carcassonne
Katine,Sawrey,,5338,Barnett,Chengmen
Halley,Fern,,9597,Mariners Cove,Da’anshan
Pascale,Matton,,1,Southridge,Wa’erma
Othella,Biaggioli,7300,0318,Autumn Leaf,Azul
Hedy,Klosges,09-101,3,Ridgeview,Płońsk
Erin,Antoniottii,,6,Holy Cross,Noyakert
Allison,Dakers,1116,554,Birchwood,Naguilian
Else,Sinkinson,,744,Packers,Gaotieling
Tate,Malitrott,,23651,Crownhardt,Shuiquan
Rabi,Oertzen,,0,Jenna,Guangming
Chryste,Bourgeois,,5,Pleasure,Kunting
Hagen,Jewkes,,891,Hovde,Fulong
Gussy,Camier,,0,Fulton,Velykoploske
Grantham,Conville,,608,Oak,Botlhapatlou
Mata,Corselles,71110,4128,Main,Tha Muang
Gherardo,Baitman,,8530,Maryland,Cipaku
Sean,McAree,431435,92,Superior,Lesozavodsk
Candy,Staterfield,17009,7803,Northridge,San Luis
Hobey,Garrold,,3349,Warbler,Agogo
Mechelle,Shoutt,,6,North,Sami
Lucian,Fountaine,,35,Moland,Maru
Maurine,Fortun,,3,Cordelia,Cikalong
Waldon,Fitkin,2205,38,Lakewood Gardens,Kongsvinger
Aurie,Gidney,73031 CEDEX,22839,Chinook,Chambéry
Camel,Nodin,3630-230,06,Maywood,Penedono
Jean,Odlin,647341,48972,Hovde,Dikson
Zeb,Bilbrooke,,7886,Dryden,Beiwenquan
Cymbre,Pluck,,29,Red Cloud,Salamrejo
Delphinia,Simoes,,903,Union,Jingdu
Hewe,Sibbons,685918,27,Moland,Uptar
Marcelia,Pydcock,,22317,Annamark,Lushikeng
Stavro,Marrington,,53760,Roth,Baihe
Tabb,Bate,94453,2,Shelley,Jose Maria Morelos
Ted,Heck,,51,Cambridge,Viraco
Zitella,Conduit,,62865,Upham,Saint Aubin
Glynis,Scandrick,9213,9811,Roth,Babug
Cullen,Dowzell,3342,519,Texas,Gobernador Ingeniero Valentín Virasoro
Inglis,De la Feld,,0,Dawn,Laventille
Barbette,Shortland,,0020,Grover,Cinunjang
Carmel,Sargent,,9960,Graceland,Cipaku
Daffie,Hay,05-870,4644,Clove,Błonie
Kleon,Varden,,20161,Washington,Meringkik
Giraldo,Klimes,,43145,Clarendon,Nyachera
Fina,Cage,59500-000,5,Pennsylvania,Macau
Cobby,Spight,,16,Tony,Pailin
Killie,Tewnion,582 81,71,Forest,Habry
Sidonia,Askham,,820,Cascade,Kema
Leoline,Reilingen,91815 CEDEX,6346,Linden,Corbeil-Essonnes
Appolonia,Eckert,,7,Crest Line,Dagar
Xever,Dixon,,927,Toban,Tacheng
Cindelyn,Polet,,805,Artisan,Dongtou
Averyl,Verdie,9400,27464,Sugar,Río Gallegos
Hayley,Le febre,84120,16880,Knutson,Ban Na San
Hilde,Stawell,682738,1,Melrose,Berëzovyy
Ulberto,Bentick,,71791,Doe Crossing,Pasatan
Ali,Drewett,621 85,80563,Dryden,Visby
Kliment,Silley,89436,5,Basil,Sparks
Sophi,Vale,,929,Randy,Koupéla
Dulcie,Hanway,77240,10,Bellgrove,Houston
Krisha,Glaves,,7830,Hayes,Padangbatung
Adrianne,Fiveash,,3,Sommers,Rawawilis
Carolann,Juszczyk,7240,37,Roth,Lobos
Ettore,Kondratenko,,51578,Brentwood,Xinhua
Hildagarde,Bygrave,,82,Basil,Xiejiatan
Mattie,Callear,13360-000,753,Elmside,Capivari
Nathaniel,Drinkale,,69101,Chinook,Sumurgeneng
Willow,Grugerr,607069,386,Reinke,Vyksa
Hynda,Olenichev,,8345,Huxley,Yên Mỹ
Cobby,Bunce,,735,Dennis,Dhībīn
Giorgi,Chester,29071,4219,Butterfield,Malaga
Mendie,Argente,21001,2923,Becker,Quesada
Estrella,Eouzan,,86271,Hoffman,Isiolo
Pippy,Janecki,1181,837,Lotheville,Budapest
Shirleen,Dougill,,3,Superior,Ganzi
Archambault,Dybald,,76285,Kim,Jincang
Reynolds,Barritt,,91237,Hansons,Yuanhou
Elisabeth,Reckless,,0229,Kim,Novhorodka
Mychal,Moyse,176 71,7,Porter,Järfälla
Glenna,Westpfel,742-0021,819,Heath,Yanai
Al,Tonn,,961,Mesta,Frakulla e Madhe
Tristan,Fuchs,,5,Dawn,Baoli
Ruttger,Brockest,,76764,Montana,Huayana
Rutledge,Gulliford,369273,8152,Ludington,Serov
Fabian,Belcham,,2,3rd,Chancay
Taffy,Lawther,,742,Rowland,Zalantun
Tiena,Tuvey,,22,Kinsman,Cikadu
Alex,Rewcastle,,11,Pine View,Sayyān
Bobine,Blakiston,,18689,John Wall,Krajan Tengah
Pip,Thorwarth,,64162,La Follette,Lengkongjaya
Efrem,Normadell,,4,Marcy,Wanbu
Brnaby,Townby,,5,East,Banjar Desa
Malva,Succamore,88800-000,02,Crowley,Criciúma
Lishe,Gammage,38-700,3669,Farwell,Ustrzyki Dolne
Vale,Georgius,396882,4,Kedzie,Nizhnedevitsk
Erminia,Becconsall,3830-473,477,Weeping Birch,Gafanha da Encarnação
Dusty,Guidera,1930,61,Pepper Wood,Pateros
Mannie,Kluge,,886,Tony,Kinéta
Garry,Haughian,,7486,Old Shore,Argotirto Krajan
Bryce,MacNaughton,3830-752,2442,High Crossing,Praia da Barra
Annetta,Farndon,7304,1348,Eastwood,Tipo-Tipo
Pat,Thiem,3025-592,93871,Eastwood,Costa de Rios Frios
Josephina,Wyss,,2,Jenna,Oktyabr’sk
Daron,Eefting,,5035,Knutson,Moulay Bouchta
Drona,Checo,6227,2829,Dottie,San Juan
Estele,Purdon,,10,Basil,Ngancar
Willow,Beavon,,644,Ridgeway,Bongsri
Adler,Houndson,,49352,Prairieview,Nanganga
Angil,Redparth,,81,Myrtle,Sukasirna
Reid,Carlens,1409,44903,Duke,Minuyan
Cris,Elston,,1086,Dayton,Pujijie
Geoff,Heaselgrave,,59022,Hoffman,Karema
Grant,Dack,,254,Magdeline,Luofang
Shelli,Izkovici,,93,American Ash,Tatrang
Filip,Georghiou,13-210,000,Village,Działdowo
Susannah,Arthan,,30,Rusk,Sangiyn Dalay
Regan,Blaksland,,4,Hazelcrest,Géfyra
Britney,McFall,,673,Marquette,Ma’ao
Sella,Melonby,,93,Arkansas,Butare
Maddy,Hallows,2017,9839,Lake View,Guiniculalay
Aubry,Geyton,150477,5,Golf Course,Duitama
Andonis,Hargreave,,56204,Dunning,Hihyā
Willi,Bogue,,9,Donald,El Copé
Imelda,Davydoch,4570-308,68,Golf View,Laúndos
Ingar,Chesher,3318,94,Vermont,Pagsabangan
Regan,Spurway,,7,Meadow Vale,Jalupang Dua
Kira,Franzelini,,72471,Forest Run,Cheban
Erna,Castiglioni,93154 CEDEX,8654,Fair Oaks,Le Blanc-Mesnil
Veronike,McKea,,96386,Luster,Bahuang
Shel,Nathon,4635-005,06,Service,Banho e Carvalhosa
Norma,Mowsdale,11511,2071,Bellgrove,El Cacao
Jasper,Ebbin,,48,Pond,Blantyre
Connie,Eisak,44600-000,85,Oakridge,Ipirá
Dyann,Bezant,,573,Golf Course,Xue’an
Sollie,Abberley,87140,559,Rigney,Los Pinos
Jens,Kacheler,,6,Almo,Fusheng
Lyell,Castanos,36190,958,Ridge Oak,Rattanawapi
Stephani,Fleet,OX7,80,Northridge,Dean
Stanford,Waight,280 02,8,Loomis,Veltruby
Neile,Sandon,09-520,49819,Northland,Łąck
Michell,Bloxholm,176 76,068,Dayton,Järfälla
Vite,Letson,,7802,Sachtjen,Ambarita
Sybil,Withams,,80958,Evergreen,Khanāşir
Onfre,Enrich,,1,Eagle Crest,Markaz al Marīr
Parke,Bradford,,413,Logan,Asímion
Emanuele,Rulten,79960,917,Fallview,Infonavit
Jerri,Grzegorecki,,1,Northfield,Hushan
Tyler,McRonald,11105,11,Pearson,Villa Bisonó
Weidar,Greger,69150-000,3986,Prentice,Parintins
Myrtle,Nesbitt,,3402,Carioca,Velventós
Ellene,Beeres,,8529,Caliangt,Rustāq
Abigail,Jannequin,,17,Riverside,Cihaladan
Lanae,Buddle,522088,709,Sunnyside,El Peñol
Anthea,Emmatt,503-0644,1281,Lillian,Aisai
Fancy,Lyfe,,87280,Grayhawk,Couva
Pris,Oleszkiewicz,,33272,Lighthouse Bay,Al Wardānīn
Earle,Gresch,,22697,Victoria,Huaqiao
Alia,Douthwaite,05-804,3,Sage,Pruszków
Elly,Hawkswood,,33449,Declaration,Sidi Bousber
Elana,Harraway,,13,Canary,Dongchuan
Tamarah,Abrey,,9767,Jay,Vapnyarka
Anthea,Rottenbury,,88035,Anthes,Ngadipuro
Kaela,McSharry,4585-794,407,Moland,Astromil
Averil,Brumbie,,32,Lillian,Serednye Vodyane
Towney,Gaitley,81604 CEDEX,601,Forest,Gaillac
Madelina,Noone,,8,Schurz,Tangzi
Dominique,Torbet,416 55,661,Dryden,Göteborg
Dwayne,Jarrad,,78976,Nancy,Qīr Moāv
Andee,Elnaugh,,02,Londonderry,Mandikbatu
Emmy,Burchett,,07,6th,Zhongzi
Georgie,Munro,630511,7,Shopko,Krivodanovka
Tyrus,Dickenson,,05808,Blackbird,Beiqi
Enrico,Merrell,,9302,1st,Tempeh Tengah
Andras,Everitt,47140,87,Mayer,Ban Muang
Roderich,Aronson,705079,68,Erie,Sampués
Leon,Castelli,,3,Talmadge,Katyuzhanka
Charil,Golds,98829,2,Forest,Thio
Kathie,Macknish,,110,Becker,Nkurenkuru
Reinhard,Yerby,,8588,Hudson,Karonga
Shannen,Roads,,52,Dryden,Karney Shomron
Rozamond,Tiplady,,635,Atwood,Lingbei
Mureil,Colbrun,2615-266,02,Ridgeway,Arcena Pequena
Opal,Molloy,,599,Grayhawk,Chengxi
Deane,Breache,413242,34830,2nd,Vysokogornyy
Valdemar,Botwright,5139,6,Northview,Pŭrvomaytsi
Alistair,Cona,,6,Cardinal,Mvuma
Corie,Whear,,23,Mariners Cove,Pingling
Jo-ann,Ryder,1097,99,Katie,Budapest
Shawn,Colquitt,,842,Clyde Gallagher,Bilshivtsi
Ramon,Calafate,,97955,Paget,Chinameca
Lizbeth,Kingscote,65951 CEDEX 9,616,Green,Tarbes
Wileen,Gogin,699-3162,1,Dryden,Gōtsuchō
Theresa,Prattington,92684 CEDEX,181,Lindbergh,Levallois-Perret
Stormie,Jaouen,,4858,Sachtjen,Road Town
Roxine,Heinschke,,03,Bobwhite,Ishëm
Jeramey,Tant,249039,21869,Spohn,Obninsk
Lindsey,Wearne,63260-000,2,5th,Brejo Santo
Zilvia,Mathison,,39423,Pleasure,Yingjiang
Jacquelynn,Sant,2432,19,Grover,Mangaldan
Nestor,Chinnery,,19,Oneill,Leuwayang
Penn,Mathwin,301439,1264,Jackson,Suvorov
Kimbell,MacRury,89540-000,940,Schurz,Santa Cecília
Rubina,Roelofsen,,5327,Del Mar,Chivhu
Sasha,Cerith,,766,Arizona,Nanyang
Bald,Gavozzi,,7658,Weeping Birch,Taiyuan
Ellene,Donn,8708,906,Russell,Talakag
Sammy,Gauch,,5510,Dahle,Kumagunnam
Ramsey,Minucci,,3553,Express,Suwaluh
Logan,Fusco,,0999,Vahlen,Rungkang
Mellisent,Quare,13200-000,3725,5th,Jundiaí
Malcolm,Jevons,,7,Veith,Yong’an
Eirena,Forre,5130-472,41144,Shoshone,Vale de Vila
Elnora,Tingle,44110,45,Division,Chaem Luang
Raine,Frances,,9014,School,Kijini
Ki,Tsar,,275,Wayridge,Wuhu
Jehu,Chupin,,5,Union,Babao
Josey,Tumility,,689,Westport,Zapod
Ethe,Dutnell,,7,Dovetail,Santiago Puringla
Corbie,Reeders,,834,Oxford,Hanjiashu
Sutherlan,Harteley,10805,38236,Johnson,Ipís
Anne-marie,Chaplyn,,2,Ryan,Nanxing
Tonie,Huntley,A85,1,Kipling,Donegal
Nanny,Mandrake,433396,5,Bellgrove,Krasnyy Gulyay
Indira,Pollen,7509,59281,Shelley,Enschede
Phaidra,Stopp,78550-000,58,Harper,Sinop
Aloin,Guittet,,8,Fairview,Sabandia
Prudy,Streat,,2603,Farwell,Gornje Moštre
Jenny,Tocher,56001,55,Anniversary,Kaišiadorys
Oralia,Fownes,,47478,Roxbury,Bayān
Ailina,Deignan,356825,105,Buena Vista,Budënnovsk
Penni,Heinz,45000,6,Vidon,Roi Et
Nahum,Yarn,,8546,Schiller,Moneague
Carney,Trout,394961,33,Bultman,Muchkapskiy
Dennie,Blaiklock,,99597,Hauk,Mojokerto
Josie,Flye,3800-596,948,Twin Pines,Sarrazola
Troy,Mendes,4217,11,Aberg,Lipa City
Vassily,Maasze,,56,Briar Crest,Hantsavichy
Randell,Cristou,187435,54,Nobel,Khvalovo
Mitzi,Flacknell,628408,4,Morningstar,Surgut
Katherine,Loraine,,3560,Merry,Xinmin
Ginnie,Tomaszkiewicz,,6297,Namekagon,Kalahang
Gwennie,Denyakin,,65,Ohio,Koysinceq
Jeddy,Fores,,61977,Garrison,Sanying
Ambrose,Filyukov,,35904,Sutherland,Sinchao
Devlen,Blanche,678711,6,Pennsylvania,Dzhebariki-Khaya
Allianora,Netting,65075,4,Prentice,Varėna
Che,Enstone,,5,Mifflin,Hongxing
Bryce,Karlik,,6,Calypso,Cikuya
Janeta,Ramsay,,15,Lakewood Gardens,Pagelaran
Barney,McCawley,,792,Maywood,Stung Treng
Benedict,Eads,32249,88104,Eliot,Tovarnik
Ase,Dener,,20643,Algoma,Vamvakoú
Anallese,Fullstone,,923,Columbus,Zarumilla
Ernestus,Smaridge,165 13,2,Hooker,Hässelby
Rebeka,Epp,,30,Linden,Tissa
Mikol,Ferguson,,46,Sycamore,Balaklava
Kath,Highway,78000-000,6925,Shopko,Cuiabá
Brandtr,Pesek,,298,Blue Bill Park,Bao’an
Lyndell,Crosher,,5693,Dwight,Oebaki
Arman,Bickers,938-0043,63,Nevada,Inuyama
Jermaine,Coneron,461199,1615,Raven,Tashla
Cirstoforo,Halsho,301767,69561,Weeping Birch,Donskoy
Camel,Justham,,686,Macpherson,Fakaifou Village
Eugen,Byre,157780,2944,Dryden,Bogovarovo
Bobbye,Keneleyside,,57567,Bunker Hill,Gresik
Wang,Lympenie,284 32,72458,Prentice,Perstorp
Augustus,Fellenor,,22,North,Zhongcheng
Alexis,Shakesbye,14530-000,8,Walton,Miguelópolis
Hallsy,Siseland,P17,2268,Continental,Kinsale
Rozanna,Jaouen,,40,Londonderry,Banjar Pekandelan
Wilburt,Perton,,0,Declaration,Shuangshan
Lyndsay,Weiser,94324,0671,Drewry,Adolfo Lopez Mateos
Andrus,Drayn,141662,08,Oak Valley,Vorob’yovo
Joey,Pleass,,40205,Starling,Rasony
Ambur,Sockell,155933,317,Hayes,Kolobovo
Lavinia,Trivett,3244,55831,Nobel,Hamilton
Dee,Bisterfeld,,25,Londonderry,Tingsiqiao
Enos,Ghelerdini,,0,Morning,Mchinji
Pattie,Ferron,,4,Lien,Şānūr
Katheryn,Janaszkiewicz,233539,59,Kenwood,Ayapel
Zitella,Boon,8193,3,Luster,Calvinia
Jannel,Astie,,7,Vahlen,Tengah
Tawsha,Torrent,,31675,Sherman,Chepareria
Giffer,Devonald,,18245,Gale,Nantai
Catherine,Tidball,,5,Rutledge,Sidomulyo
Edythe,Harrowing,4314,69585,Sunfield,Union
Mohammed,Klimes,3700-871,09,Fair Oaks,Goim
Meridith,Bramah,2501,7,Calypso,Bauang
Babbie,Moorerud,56200-000,58,Judy,Ouricuri
Madelena,Platfoot,678350,94676,Springs,Borogontsy
Hercule,Cino,38835,659,East,Las Americas
Christie,Filochov,,47,Ridge Oak,Reitoca
Denice,Bangley,,3606,Elmside,Karangasem
Reinold,Quinton,,63,Pawling,Sharga
Teodorico,Barg,54783,8708,Superior,Santo Tomas
Heriberto,Baldini,301113,4,Tony,Slobodka
Hunter,Yitzovicz,,41,Sunnyside,Valle de Ángeles
Jade,Freear,,89501,Glacier Hill,Fuming
Modesty,Pietsma,,04589,Basil,Zhoupi
Lazare,Matskiv,5131,8225,Moland,Esperanza
Bernete,Pedro,141662,97,Rowland,Troparëvo
Trista,Lampel,,54813,Arrowood,Yaozhuang
Cortie,Nipper,,66,Northwestern,Mbouda
Clementine,Temporal,,41401,Manufacturers,Cihampelas
Cassondra,Primarolo,9052,2,Pierstorff,Gent
Hubert,Colbeck,,94,Springview,Dalaba
Torrence,Aisman,,5980,Corry,Tursunzoda
Wenona,Truman,382 91,89,Meadow Vale,Malonty
Dru,Michurin,,1283,Annamark,Gobang
Nolie,Barr,5203,15515,Alpine,Tabinay
Payton,Petkovic,658640,5,Norway Maple,Romanovo
Parsifal,Trenaman,,01657,Fordem,Ehu
Mata,Kennet,,145,Calypso,Timiryazevo
Lurlene,Marielle,,11112,Heffernan,Chauk
Penny,Kyd,27990,8783,Holy Cross,San Isidro
Ichabod,Hummerston,,2818,Norway Maple,Dardhas
Hanni,Alebrooke,,1571,Farragut,Sanming
Flinn,Nardoni,,9332,Nancy,Ménaka
Toddie,Bonifant,,85,Dennis,Shiqian
Joelly,Dron,989-2463,51518,Coleman,Arai
Kurtis,Moodycliffe,,80692,Fordem,Fangxian
Faydra,Dyka,64500-000,97217,Lunder,Oeiras
Wendel,Reith,17400-000,45017,Dawn,Garça
Rosalynd,Stockey,,91,Riverside,Vokhaïkó
Desiree,Priter,3630-354,05157,Duke,Póvoa de Penela
Bartlett,Braybrooke,353617,9,Ridgeway,Starominskaya
Vicki,Kilian,,9511,Nobel,Jahrom
Nonie,Conring,,5683,Rockefeller,Lenger
Perri,Calbrathe,10303,2613,Acker,San Juan de Dios
Arv,Tolmie,,3930,Brentwood,Tangkolo
Egbert,Bruneton,,26,Grasskamp,Philipsburg
Teddie,Hamblett,,4875,Loeprich,Sanlei
Trueman,Rosindill,37000-000,79067,Kropf,Varginha
Graham,Arsmith,,79686,Scott,Čajniče
Obie,Apdell,,305,Alpine,Adzopé
Alverta,Pinchen,2009,0549,Gale,Dacudao
Jackie,Causier,,89160,Maywood,Sharga
Reeva,Bromell,541018,58501,Lotheville,Los Patios
Sharline,Dessant,,916,Michigan,Biên Hòa
Donny,Wybron,MD-4801,57430,Harbort,Criuleni
Cherida,Bassick,2419,40446,Waxwing,Balingueo
Morissa,Bruhke,,46681,Esch,Donggong
Nanete,Polkinghorne,,1,Schlimgen,Tonggakjati
Julissa,Bowkley,,99,Springview,Chuandao
Fergus,Reddish,461199,0,Eagan,Tashla
Raffarty,Jollye,,07479,Dunning,Al Ya‘rubīyah
Angelika,Hightown,051048,98915,Leroy,Municipio de Copacabana
Antons,Muddimer,,02,Eastwood,Shuangtian
Audrye,Chanders,,21393,Hansons,Néa Péramos
Melanie,Armitage,3253,1060,Straubel,Maulavi Bāzār
Jonell,Allridge,16919 CEDEX 9,737,Talisman,Angoulême
Sybila,Carde,50923,2,Vera,Kuala Lumpur
Willy,Chandler,27022 CEDEX,7139,Kingsford,Évreux
Christopher,Awdry,H4S,71,Gateway,Lac du Bonnet
Rochell,Novill,2419,10799,Norway Maple,Bulog
Ardelle,Grellier,J3V,97,Southridge,Saint-Bruno
Cybill,de la Valette Parisot,,576,Homewood,Roioen
Suzie,Anstie,64704 CEDEX,716,Merchant,Hendaye
Shina,Bernet,,97760,Grasskamp,Quán Hành
Ardath,Boyall,89800-000,479,Larry,Chapecó
Ingaborg,Cossom,,467,Karstens,Hongshan
Cary,Cooney,,6100,Monica,Kanbula
Magdalene,Nealand,,022,Stuart,Bago
Hubie,Fossitt,34038 CEDEX 1,22,Northfield,Montpellier
Laurent,Pauley,0277,81721,Pine View,Brits
Benny,Larraway,352808,90,Mayfield,Tuapse
Donnajean,Duggen,429052,499,Talmadge,Krasnyye Chetai
Myer,Spelsbury,80140,776,Fulton,Pak Phanang
Becky,Deakan,,94,Sheridan,Khashuri
Leoline,Aggis,29830-000,80369,Bluestem,Nova Venécia
Addison,Melby,,9748,Crownhardt,Igbo-Ukwu
Rafaelia,Mynott,,14,Charing Cross,Novomykolayivka
Carrie,Hubbucke,,4,Ruskin,Gezan
Dael,Sandbatch,,453,Saint Paul,Rizómata
La verne,Face,39600-000,507,Hanover,Araçuaí
Ardeen,Careswell,,682,Maple Wood,Zhongshan
Remy,Southcoat,,6940,Hintze,Qinglian
Waldon,Worsnip,,6,Prairie Rose,Ash Shajarah
Cyndy,Quixley,,10,Buhler,Mekarsari
Evvie,Fortoun,21-504,09,Raven,Rokitno
Elsinore,McEnteggart,3126,13966,Judy,Bicos
Gil,Glason,,4264,Grayhawk,Gununglajang
Lauri,Carberry,L74,17,Rockefeller,Liverpool
Beatrice,Book,,80934,Derek,‘Irbīn
Odelle,Grimbleby,,9,Vahlen,Gongdao
Ruth,Coronado,,105,American,Shuanggang
Halimeda,Channing,,7,Orin,Mojosari
Margareta,Olivie,,006,Graedel,Kuçovë
Salvador,Wedge,696 47,80836,Schiller,Žeravice
Rockey,Burndred,2590-431,8505,Shoshone,Sapataria
Cate,Simic,,42,Superior,Kisoro
Annalee,Salvati,0460,9,Merry,Oslo
Mae,Hazeldene,58031,13,Fair Oaks,Minchinābād
Gabby,Rack,429 42,52,Pennsylvania,Särö
Claribel,Knobell,,24774,Westend,Kurayyimah
Tallou,Sandhill,,42876,Manufacturers,Hila
Lorilyn,Andrat,1050,54330,Troy,Bruxelles
Jody,Hares,8200-567,424,Texas,Ferreiras
Tyson,Apdell,47923 CEDEX 9,783,Memorial,Agen
Robby,Ithell,,93,Hooker,Kilju
Dulcy,Borthwick,,1,Kennedy,Beiwucha
Stevana,Hainey,,45,Northview,George Hill
Matthiew,Hufton,,9,Merry,Rejoso
Sheba,Mosedale,721 06,60451,Fair Oaks,Västerås
Flint,Ferier,,1,Montana,Kedungwringin
Yoko,Lohan,,03410,Fisk,Sāqayn
Odille,MacLure,4133,8,Gateway,Taywanak Ilaya
Giana,Petrushkevich,A63,9,Hagan,Greystones
Huntington,Caiger,75778 CEDEX 16,3,Mifflin,Paris 16
Fredra,Anscombe,252257,8527,Loomis,Granada
Mick,Merkle,,7408,Pennsylvania,Nangang
Phylis,Pendlebury,73110,3110,Red Cloud,Sam Phran
Laurens,Crunkhorn,3115,040,Waywood,Guimba
Reade,Mapes,4515,70444,4th,Jovellar
Bab,Crawcour,,0,Bobwhite,Tianhe
Emmery,Busek,,77,Jenifer,Cahuac
Kelsey,Tussaine,,57465,3rd,Ar Rumaythīyah
Micki,Thoms,,5458,Kim,Laba Goumen
Woody,Tunkin,,9,Warrior,Kwangju
Hadley,Rookeby,,9,Michigan,Gunziying
Tiffani,Nother,74311 CEDEX,8517,Weeping Birch,Cluses
Harlin,Lineker,,29097,Delladonna,Ramadi
Buckie,Faircloth,,36,Oriole,Coloncito
Richart,Skacel,,992,Ruskin,Ţafas
Hazel,Bloomfield,5608,59146,Waxwing,Mantalongon
Jessica,Tebbe,4890-372,5484,Scoville,Lama
Eada,McCombe,9740,17,Gerald,Gore
Jessee,Dufour,,38,Vidon,Berbek
Annabella,Busch,,9,Jay,Qidu
Dermot,McHan,,84159,Crownhardt,Yujiao
Carroll,Marguerite,,1,Oneill,Challhuahuacho
Ambrose,Stihl,3316,51089,Arapahoe,Nagbalaye
Lenka,Ruscoe,,8,Knutson,Longlisuo
Baily,Vere,,0720,Lakewood,Al Mashāf
Trefor,Carville,,91605,1st,Xilin
Wilhelm,Gaudin,,30074,Maryland,Kool Tengah
Aeriela,Thoma,,1,Ohio,Cayur
Chickie,Gisborne,763 26,21794,Walton,Luhačovice
Milena,Burtwistle,,2,Calypso,Changqi
Leslie,Hargreaves,,978,Packers,Jūrmala
Agneta,Chitham,,0,Armistice,Kumanis
Adler,Brunotti,4407,6126,Corry,Campo Quijano
Aron,Challenor,,714,Banding,Yixingfu
Jane,Salvin,370-0535,96968,Myrtle,Shibetsu
Stace,Plumtree,4880-106,711,Everett,Tijão
Elke,Bottjer,,648,Mcbride,Alvand
Alexandro,Tummons,87077 CEDEX 9,2,Carioca,Limoges
Steve,Westbury,,8,Cottonwood,Juancheng
Amalie,Form,,20668,Meadow Vale,Librazhd-Qendër
Linnet,Keele,,6,Thompson,Sukorambi
Agathe,Beldum,,96959,Hermina,Circa
Algernon,Battista,,77893,Oriole,Pahonjean
Mahalia,Ertelt,,384,Bellgrove,Phùng
Blinnie,Bricket,2661,17913,Mcbride,Kruisfontein
Ophelie,Jellico,,98517,Declaration,Riyom
